{"name":"0446a20a-0c0d-4ca5-a59c-34b2fc75419a","id":"/providers/Microsoft.Flow/flows/0446a20a-0c0d-4ca5-a59c-34b2fc75419a","type":"Microsoft.Flow/flows","properties":{"apiId":"/providers/Microsoft.PowerApps/apis/shared_logicflows","displayName":"image_report_docx","definition":{"metadata":{"workflowEntityId":null,"creator":{"id":"44e30430-769d-49f6-b8df-bb93417a1876","type":"User","tenantId":"3539293e-58fa-4bab-a02e-18dc57fa9737"},"provisioningMethod":"FromDefinition","failureAlertSubscription":true,"clientLastModifiedTime":"2020-05-10T02:38:26.1062352Z"},"$schema":"https://schema.management.azure.com/providers/Microsoft.Logic/schemas/2016-06-01/workflowdefinition.json#","contentVersion":"1.0.0.0","parameters":{"$connections":{"defaultValue":{},"type":"Object"},"$authentication":{"defaultValue":{},"type":"SecureObject"}},"triggers":{"manual":{"type":"Request","kind":"PowerApp","inputs":{"schema":{"type":"object","properties":{"Initializevariable_Value":{"type":"any"},"docximagecollection_Value":{"type":"string","description":"Enter initial value","x-ms-powerflows-param-ispartial":false},"pictureofreport_Value":{"type":"any"}},"required":["Initializevariable_Value","docximagecollection_Value","pictureofreport_Value"]}}}},"actions":{"checking_filename":{"runAfter":{"Parse_JSON":["Succeeded"]},"type":"InitializeVariable","inputs":{"variables":[{"name":"checking_file","type":"string","value":"/Flow_for_powerapp/Report Templates/@{triggerBody()['Initializevariable_Value']}"}]}},"Move_or_rename_a_file":{"runAfter":{"checking_filename":["Succeeded"]},"metadata":{"flowSystemMetadata":{"swaggerOperationId":"MoveFile"}},"type":"ApiConnection","inputs":{"host":{"connection":{"name":"@json(decodeBase64(triggerOutputs().headers['X-MS-APIM-Tokens']))['$connections']['shared_onedriveforbusiness']['connectionId']"},"api":{"runtimeUrl":"https://flow-apim-msmanaged-na-northcentralus-01.azure-apim.net/apim/onedriveforbusiness"}},"method":"post","path":"/datasets/default/files/@{encodeURIComponent(encodeURIComponent(variables('checking_file')))}/move","queries":{"destination":"/Flow_for_powerapp/overwritten_files_deletable","overwrite":true},"authentication":{"type":"Raw","value":"@json(decodeBase64(triggerOutputs().headers['X-MS-APIM-Tokens']))['$ConnectionKey']"}}},"Scope":{"actions":{"Apply_to_each":{"foreach":"@body('Parse_JSON')","actions":{"Populate_a_Microsoft_Word_template":{"runAfter":{},"metadata":{"01AQNEYCZFNUB3RBQW4FBZXC746MEBOXOA":"/Flow_for_powerapp/Report Templates/Inspection_Report_Template_Uploaded_Report.docx","flowSystemMetadata":{"swaggerOperationId":"CreateFileItem"}},"type":"ApiConnection","inputs":{"host":{"connection":{"name":"@json(decodeBase64(triggerOutputs().headers['X-MS-APIM-Tokens']))['$connections']['shared_wordonlinebusiness']['connectionId']"},"api":{"runtimeUrl":"https://flow-apim-msmanaged-na-centralus-01.azure-apim.net/apim/wordonlinebusiness"}},"method":"post","body":{"658351302":"@items('Apply_to_each')['job_number']","1246458645":"@variables('picture_object')","-763527176":"@items('Apply_to_each')['date']"},"path":"/api/templates/getFile","queries":{"source":"me","drive":"b!5ULxe0XpOUqSf6tOieOQcq-HQ8l7yppGsm-0kwy85tOPocwFB_MPS7Ggmzmb3zWe","file":"01AQNEYCZFNUB3RBQW4FBZXC746MEBOXOA"},"authentication":{"type":"Raw","value":"@json(decodeBase64(triggerOutputs().headers['X-MS-APIM-Tokens']))['$ConnectionKey']"}}},"Create_file":{"runAfter":{"Populate_a_Microsoft_Word_template":["Succeeded"]},"metadata":{"flowSystemMetadata":{"swaggerOperationId":"CreateFile"}},"type":"ApiConnection","inputs":{"host":{"connection":{"name":"@json(decodeBase64(triggerOutputs().headers['X-MS-APIM-Tokens']))['$connections']['shared_onedriveforbusiness']['connectionId']"},"api":{"runtimeUrl":"https://flow-apim-msmanaged-na-northcentralus-01.azure-apim.net/apim/onedriveforbusiness"}},"method":"post","body":"@body('Populate_a_Microsoft_Word_template')","path":"/datasets/default/files","queries":{"folderPath":"/Flow_for_powerapp","name":"@{triggerBody()['Initializevariable_Value']}"},"authentication":{"type":"Raw","value":"@json(decodeBase64(triggerOutputs().headers['X-MS-APIM-Tokens']))['$ConnectionKey']"}},"runtimeConfiguration":{"contentTransfer":{"transferMode":"Chunked"}}}},"runAfter":{},"type":"Foreach"}},"runAfter":{"Move_or_rename_a_file":["Succeeded","Failed"]},"type":"Scope"},"docx_image_collection":{"runAfter":{"picture_object":["Succeeded"]},"type":"InitializeVariable","inputs":{"variables":[{"name":"docx image collection","type":"string","value":"@triggerBody()['docximagecollection_Value']"}]}},"Parse_JSON":{"runAfter":{"docx_image_collection":["Succeeded"]},"type":"ParseJson","inputs":{"content":"@variables('docx image collection')","schema":{"type":"array","items":{"type":"object","properties":{"date":{"type":"string"},"docx_image":{"type":"string"},"job_number":{"type":"string"}},"required":["date","docx_image","job_number"]}}}},"picture_text":{"runAfter":{},"type":"InitializeVariable","inputs":{"variables":[{"name":"picture_text","type":"string","value":"@{triggerBody()['pictureofreport_Value']}"}]}},"picture_object":{"runAfter":{"picture_text":["Succeeded"]},"type":"InitializeVariable","inputs":{"variables":[{"name":"picture_object","type":"object","value":{"$content-type":"image/jpeg","$content":"@{variables('picture_text')}"}}]}}}},"connectionReferences":{"shared_onedriveforbusiness":{"connectionName":"6a514530dc554e69ba3ee31efeb075e3","source":"Invoker","id":"/providers/Microsoft.PowerApps/apis/shared_onedriveforbusiness","tier":"NotSpecified"},"shared_wordonlinebusiness":{"connectionName":"shared-wordonlinebus-80e959f3-a46d-41bc-9c5d-5ada5cd6d4ef","source":"Invoker","id":"/providers/Microsoft.PowerApps/apis/shared_wordonlinebusiness","tier":"NotSpecified"}},"flowFailureAlertSubscribed":false}}