{"name":"45e1994f-1e18-47e3-a4ba-14ff4912fe2e","id":"/providers/Microsoft.Flow/flows/45e1994f-1e18-47e3-a4ba-14ff4912fe2e","type":"Microsoft.Flow/flows","properties":{"apiId":"/providers/Microsoft.PowerApps/apis/shared_logicflows","displayName":"email_flow","definition":{"metadata":{"workflowEntityId":null,"creator":{"id":"44e30430-769d-49f6-b8df-bb93417a1876","type":"User","tenantId":"3539293e-58fa-4bab-a02e-18dc57fa9737"},"provisioningMethod":"FromDefinition","failureAlertSubscription":true,"clientLastModifiedTime":"2020-05-21T05:27:19.625988Z"},"$schema":"https://schema.management.azure.com/providers/Microsoft.Logic/schemas/2016-06-01/workflowdefinition.json#","contentVersion":"1.0.0.0","parameters":{"$connections":{"defaultValue":{},"type":"Object"},"$authentication":{"defaultValue":{},"type":"SecureObject"}},"triggers":{"manual":{"type":"Request","kind":"PowerApp","inputs":{"schema":{"type":"object","properties":{"emailjson_Value":{"type":"string","description":"Enter initial value","x-ms-powerflows-param-ispartial":false}},"required":["emailjson_Value"]}}}},"actions":{"email_json":{"runAfter":{},"type":"InitializeVariable","inputs":{"variables":[{"name":"email_json","type":"string","value":"@{triggerBody()['emailjson_Value']}"}]}},"parsed_json":{"runAfter":{"email_json":["Succeeded"]},"type":"ParseJson","inputs":{"content":"@variables('email_json')","schema":{"type":"array","items":{"type":"object","properties":{"docx_name":{"type":"string"},"email":{"type":"string"},"html_name":{"type":"string"}},"required":["docx_name","email","html_name"]}}}},"Delay":{"runAfter":{"parsed_json":["Succeeded"]},"type":"Wait","inputs":{"interval":{"count":10,"unit":"Second"}}},"Scope":{"actions":{"Apply_to_each_2":{"foreach":"@body('parsed_json')","actions":{"Get_file_content_using_path":{"runAfter":{},"metadata":{"flowSystemMetadata":{"swaggerOperationId":"GetFileContentByPath"}},"type":"ApiConnection","inputs":{"host":{"connection":{"name":"@json(decodeBase64(triggerOutputs().headers['X-MS-APIM-Tokens']))['$connections']['shared_onedriveforbusiness']['connectionId']"},"api":{"runtimeUrl":"https://flow-apim-msmanaged-na-northcentralus-01.azure-apim.net/apim/onedriveforbusiness"}},"method":"get","path":"/datasets/default/GetFileContentByPath","queries":{"path":"/Flow_for_powerapp/@{items('Apply_to_each_2')['html_name']}","inferContentType":true},"authentication":{"type":"Raw","value":"@json(decodeBase64(triggerOutputs().headers['X-MS-APIM-Tokens']))['$ConnectionKey']"}}},"Send_an_email_(V2)_2":{"runAfter":{"Get_file_content_using_path":["Succeeded"]},"metadata":{"flowSystemMetadata":{"swaggerOperationId":"SendEmailV2"}},"type":"ApiConnection","inputs":{"host":{"connection":{"name":"@json(decodeBase64(triggerOutputs().headers['X-MS-APIM-Tokens']))['$connections']['shared_office365_1']['connectionId']"},"api":{"runtimeUrl":"https://flow-apim-msmanaged-na-westus2-01.azure-apim.net/apim/office365"}},"method":"post","body":{"To":"@items('Apply_to_each_2')['email']","Subject":"@items('Apply_to_each_2')['html_name']","Body":"<p>An HTML document of the inspection report is attached with this email. Download it to your device and open it with your default internet browser. You can print the file from your browser.<br>\n</p>","Attachments":[{"Name":"@items('Apply_to_each_2')['html_name']","ContentBytes":"@{base64(body('Get_file_content_using_path'))}"}]},"path":"/v2/Mail","authentication":{"type":"Raw","value":"@json(decodeBase64(triggerOutputs().headers['X-MS-APIM-Tokens']))['$ConnectionKey']"}}}},"runAfter":{},"type":"Foreach"}},"runAfter":{"Scope_2":["Succeeded"]},"type":"Scope"},"Scope_2":{"actions":{"Apply_to_each":{"foreach":"@body('parsed_json')","actions":{"docx_content":{"runAfter":{},"metadata":{"flowSystemMetadata":{"swaggerOperationId":"GetFileContentByPath"}},"type":"ApiConnection","inputs":{"host":{"connection":{"name":"@json(decodeBase64(triggerOutputs().headers['X-MS-APIM-Tokens']))['$connections']['shared_onedriveforbusiness']['connectionId']"},"api":{"runtimeUrl":"https://flow-apim-msmanaged-na-northcentralus-01.azure-apim.net/apim/onedriveforbusiness"}},"method":"get","path":"/datasets/default/GetFileContentByPath","queries":{"path":"/Flow_for_powerapp/@{items('Apply_to_each')['docx_name']}","inferContentType":true},"authentication":{"type":"Raw","value":"@json(decodeBase64(triggerOutputs().headers['X-MS-APIM-Tokens']))['$ConnectionKey']"}}},"html_content":{"runAfter":{"docx_content":["Succeeded"]},"metadata":{"flowSystemMetadata":{"swaggerOperationId":"GetFileContentByPath"}},"type":"ApiConnection","inputs":{"host":{"connection":{"name":"@json(decodeBase64(triggerOutputs().headers['X-MS-APIM-Tokens']))['$connections']['shared_onedriveforbusiness']['connectionId']"},"api":{"runtimeUrl":"https://flow-apim-msmanaged-na-northcentralus-01.azure-apim.net/apim/onedriveforbusiness"}},"method":"get","path":"/datasets/default/GetFileContentByPath","queries":{"path":"/Flow_for_powerapp/@{items('Apply_to_each')['html_name']}","inferContentType":true},"authentication":{"type":"Raw","value":"@json(decodeBase64(triggerOutputs().headers['X-MS-APIM-Tokens']))['$ConnectionKey']"}}},"Send_an_email_(V2)":{"runAfter":{"html_content":["Succeeded"]},"metadata":{"flowSystemMetadata":{"swaggerOperationId":"SendEmailV2"}},"type":"ApiConnection","inputs":{"host":{"connection":{"name":"@json(decodeBase64(triggerOutputs().headers['X-MS-APIM-Tokens']))['$connections']['shared_office365']['connectionId']"},"api":{"runtimeUrl":"https://flow-apim-msmanaged-na-westus2-01.azure-apim.net/apim/office365"}},"method":"post","body":{"To":"@items('Apply_to_each')['email']","Subject":"Inspection Report: @{items('Apply_to_each')['docx_name']}","Body":"<p>A Word document and an HTML document of the Inspection Report from PowerApp are attached with this email. &nbsp;<br>\n<br>\nIn case the Word document doesn't retain the full quality of the images, try printing out the HTML document instead.<br>\n</p>","Attachments":[{"Name":"@items('Apply_to_each')['docx_name']","ContentBytes":"@{base64(body('docx_content'))}"},{"Name":"@items('Apply_to_each')['html_name']","ContentBytes":"@{base64(body('html_content'))}"}],"Importance":"Normal"},"path":"/v2/Mail","authentication":{"type":"Raw","value":"@json(decodeBase64(triggerOutputs().headers['X-MS-APIM-Tokens']))['$ConnectionKey']"}}}},"runAfter":{},"type":"Foreach"}},"runAfter":{"Delay":["Succeeded"]},"type":"Scope"}}},"connectionReferences":{"shared_onedriveforbusiness":{"connectionName":"6a514530dc554e69ba3ee31efeb075e3","source":"Invoker","id":"/providers/Microsoft.PowerApps/apis/shared_onedriveforbusiness","tier":"NotSpecified"},"shared_office365":{"connectionName":"d547be49724a40488bbdf5e6a68e43f1","source":"Invoker","id":"/providers/Microsoft.PowerApps/apis/shared_office365","tier":"NotSpecified"},"shared_office365_1":{"connectionName":"d547be49724a40488bbdf5e6a68e43f1","source":"Invoker","id":"/providers/Microsoft.PowerApps/apis/shared_office365","tier":"NotSpecified"}},"flowFailureAlertSubscribed":false}}