{"name":"6fb32322-0643-4be3-8ee0-ad70531a889d","id":"/providers/Microsoft.Flow/flows/6fb32322-0643-4be3-8ee0-ad70531a889d","type":"Microsoft.Flow/flows","properties":{"apiId":"/providers/Microsoft.PowerApps/apis/shared_logicflows","displayName":"text_flow_html_only","definition":{"metadata":{"workflowEntityId":null,"creator":{"id":"44e30430-769d-49f6-b8df-bb93417a1876","type":"User","tenantId":"3539293e-58fa-4bab-a02e-18dc57fa9737"},"provisioningMethod":"FromDefinition","failureAlertSubscription":true,"clientLastModifiedTime":"2020-05-21T07:50:03.2291599Z"},"$schema":"https://schema.management.azure.com/providers/Microsoft.Logic/schemas/2016-06-01/workflowdefinition.json#","contentVersion":"1.0.0.0","parameters":{"$connections":{"defaultValue":{},"type":"Object"},"$authentication":{"defaultValue":{},"type":"SecureObject"}},"triggers":{"manual":{"type":"Request","kind":"PowerApp","inputs":{"schema":{"type":"object","properties":{"jsonvar_Value":{"type":"string","description":"Enter initial value","x-ms-powerflows-param-ispartial":false}},"required":["jsonvar_Value"]}}}},"actions":{"json_var":{"runAfter":{},"type":"InitializeVariable","inputs":{"variables":[{"name":"test_collection","type":"string","value":"@{triggerBody()['jsonvar_Value']}"}]}},"coltest":{"runAfter":{"json_var":["Succeeded"]},"type":"ParseJson","inputs":{"content":"@variables('test_collection')","schema":{"type":"array","items":{"type":"object","properties":{"a1":{"type":"string"},"a10":{"type":"string"},"a11":{"type":"string"},"a12":{"type":"string"},"a2":{"type":"string"},"a3":{"type":"string"},"a4":{"type":"string"},"a5":{"type":"string"},"a6":{"type":"string"},"a7":{"type":"string"},"a8":{"type":"string"},"a9":{"type":"string"},"additional_comment":{"type":"string"},"approved_by":{"type":"string"},"c1":{"type":"string"},"c10":{"type":"string"},"c11":{"type":"string"},"c12":{"type":"string"},"c2":{"type":"string"},"c3":{"type":"string"},"c4":{"type":"string"},"c5":{"type":"string"},"c6":{"type":"string"},"c7":{"type":"string"},"c8":{"type":"string"},"c9":{"type":"string"},"ccm_date":{},"ccm_shift":{"type":"string"},"ccm_sign":{"type":"string"},"completed_by":{"type":"string"},"contract_no":{"type":"string"},"description":{"type":"string"},"items_installed":{"type":"string"},"job_flow":{"type":"string"},"job_number_flow":{"type":"string"},"qm_date":{},"qm_shift":{"type":"string"},"qm_sign":{"type":"string"},"spec_section":{"type":"string"},"work_location":{"type":"string"},"work_performed_by":{"type":"string"}},"required":["a1","a10","a11","a12","a2","a3","a4","a5","a6","a7","a8","a9","additional_comment","approved_by","c1","c10","c11","c12","c2","c3","c4","c5","c6","c7","c8","c9","ccm_date","ccm_shift","ccm_sign","completed_by","contract_no","description","items_installed","job_flow","job_number_flow","logo_path","qm_date","qm_shift","qm_sign","spec_section","work_location","work_performed_by"]}}}},"Apply_to_each":{"foreach":"@body('coltest')","actions":{"Get_file_content_using_path":{"runAfter":{},"metadata":{"flowSystemMetadata":{"swaggerOperationId":"GetFileContentByPath"}},"type":"ApiConnection","inputs":{"host":{"connection":{"name":"@json(decodeBase64(triggerOutputs().headers['X-MS-APIM-Tokens']))['$connections']['shared_onedriveforbusiness']['connectionId']"},"api":{"runtimeUrl":"https://flow-apim-msmanaged-na-northcentralus-01.azure-apim.net/apim/onedriveforbusiness"}},"method":"get","path":"/datasets/default/GetFileContentByPath","queries":{"path":"/Flow_for_powerapp/Logo Images/@{items('Apply_to_each')['logo_path']}.txt","inferContentType":true},"authentication":{"type":"Raw","value":"@json(decodeBase64(triggerOutputs().headers['X-MS-APIM-Tokens']))['$ConnectionKey']"}}},"Create_file":{"runAfter":{"Get_file_content_using_path":["Succeeded"]},"metadata":{"flowSystemMetadata":{"swaggerOperationId":"CreateFile"}},"type":"ApiConnection","inputs":{"host":{"connection":{"name":"@json(decodeBase64(triggerOutputs().headers['X-MS-APIM-Tokens']))['$connections']['shared_onedriveforbusiness']['connectionId']"},"api":{"runtimeUrl":"https://flow-apim-msmanaged-na-northcentralus-01.azure-apim.net/apim/onedriveforbusiness"}},"method":"post","body":"\n<!DOCTYPE html>\n<html>\n\n<!############ START: Top Image Section ############ > \n\n<style>\ntable, th, td {\n  border: 2px solid black;\n  border-collapse: collapse; \n}\nth, td {\n  padding: 10px;\n  text-align: right;\n}\ntable#t00 {\n  width: 100%;    \n  background-color: #f1f1c1;  \n} \ntr.noBorder td {\n  border: 0;\n} \n\n</style>\n</head>  \n\n<style> \n\n</style> \n\n\n<table  style=\"width:100%\" align=\"center\">\n  <tr class=\"noBorder\">  \n  \n    <td> <img src=\"data:image/png;base64,@{body('Get_file_content_using_path')}\"alt=\"\" align=\"left\" border=3 height=150 width=200></img></td> </td>  \n    \n    <td> </td> \n    <td> </td> \n    <td> </td> \n    <td> </td> \n    <td> </td> \n    <td> </td>\n    <td><span style=\"font-weight:bold\" align=\"right\"> CHECKLIST <br>\n    SANDY REPAIR AND CORE CAPACITY IMPROVEMENT <br>\n    PROJECT CANARSIE TUNNEL REHABILITATION  </span></br> \n    </td> \n    \n         \n  </tr>  \n  \n\n</table> \n<br>\n<!############ END: Top Image Section ############ >   \n\n\n\n\n<!############ START: Project Information Section ############ > \n\n<style>\ntable, th, td {\n  border: 3px solid black;\n  border-collapse: collapse; \n}\nth, td {\n  padding: 10px;\n  text-align: left;\n}\ntable#t01 {\n  width: 100%;    \n  background-color: #f1f1c1;  \n} \ntr.noBorder td {\n  border: 0;\n} \n\n</style>\n</head>  \n\n<style> \n\n</style> \n\n<h2 align=\"center\"> PROJECT INFORMATION </h2>\n\n<table  style=\"width:100%\" align=\"center\">\n  <tr class=\"noBorder\"> \n    <td>Job: @{items('Apply_to_each')['job_flow']}</td>   \n    <td>Job/Contract No: @{items('Apply_to_each')['job_number_flow']} </td>  \n    <td>Weather: @{items('Apply_to_each')['weather']} </td>\n\n<table  style=\"width:100%\" align=\"center\">\n  <tr class=\"noBorder\"> \n    <td>Contract No: @{items('Apply_to_each')['contract_no']}</td>   \n    <td>Description: @{items('Apply_to_each')['description']} </td> \n    \n         \n  </tr>  \n  \n<table style=\"width:100%\" align=\"center\">\n  <tr class=\"noBorder\"> \n    <td>Work Location: @{items('Apply_to_each')['work_location']}</td>   \n    <td></td> \n    <td>Work performed by: @{items('Apply_to_each')['work_performed_by']}</td> \n  </tr> \n\n<table  style=\"width:100%\" align=\"center\">\n  <tr class=\"noBorder\"> \n    <td>Item Installed/Inspected: @{items('Apply_to_each')['items_installed']}</td>    \n  </tr>   \n  <tr class=\"noBorder\"> \n    <td> </td>    \n  </tr> \n  \n<table  style=\"width:100%\" align=\"center\">\n  <tr class=\"noBorder\"> \n    <td>Approved by NYCT Shop Drawing: @{items('Apply_to_each')['approved_by']}</td>            \n  </tr>  \n\n<table  style=\"width:100%\" align=\"center\">\n  <tr class=\"noBorder\"> \n    <td>Spec Section: @{items('Apply_to_each')['spec_section']}</td>   \n    <td>Completed By:  @{items('Apply_to_each')['completed_by']}</td> \n   \n  </tr>  \n  \n</table> \n<br>\n<!############ END: Project Information Section ############ >   \n\n\n<!############ START: INSPECTION PLAN ############ >   \n<head>\n<style>\ntable, th, td \n{\n  border: 3px solid black;\n  border-collapse: collapse;\n}\nth, td {\n  padding: 25px;\n  text-align: left;\n}\ntable#t02 {\n  width: 100%;    \n  background-color: #f1f1c1;\n}\n</style>\n</head>\n<body>\n\n<h2 align=\"center\"> Inspection Plan</h2>\n\n<table style=\"width:100%\" align=\"center\">\n  <tr>\n    <th>Criteria</th>\n    <th>Yes/ No / NA</th>   \n    <th>Comment (List NCR # For Noncomformances)</th>\n  </tr>\n  \n  <tr>\n    <td>Q1: Are only approved materials and shop drawings being used? </td>\n    <td> @{items('Apply_to_each')['a1']}</td> \n    <td> @{items('Apply_to_each')['c1']}</td>\n    \n  </tr>\n  \n  <tr>\n    <td>Q2: Is all work being carried out under proper authorization and approved procedures? HOLD POINT </td>\n    <td> @{items('Apply_to_each')['a2']}\t</td> \n    <td> @{items('Apply_to_each')['c2']}\t</td>\n  </tr> \n  \n  <tr>\n    <td>Q3: Are approved Conduits being installed as required? </td>\n    <td> @{items('Apply_to_each')['a3']}\t</td> \n    <td> @{items('Apply_to_each')['c3']} \t</td>\n  </tr>\n  \n  <tr>\n    <td>Q4: Are approved fitting, couplings, connectors, clamps being used as required? </td>\n    <td> @{items('Apply_to_each')['a4']}\t</td> \n    <td> @{items('Apply_to_each')['c4']}\t</td>\n  </tr>\n  \n  <tr>\n    <td>Q5: Are approved Cables being installed as required? </td>\n    <td> @{items('Apply_to_each')['a5']}\t</td> \n    <td> @{items('Apply_to_each')['c5']}\t</td>\n  </tr> \n  \n  \n  <tr>\n    <td>Q6: Is all equipment properly installed as per spec? HOLD POINT </td>\n    <td> @{items('Apply_to_each')['a6']}\t</td> \n    <td> @{items('Apply_to_each')['c6']}\t</td>\n  </tr> \n  \n  \n  <tr>\n    <td>Q7: Has all systems been installed as indicated and in accordance with manufacturer’s instructions? </td>\n    <td> @{items('Apply_to_each')['a7']}\t</td> \n    <td> @{items('Apply_to_each')['c7']}\t</td>\n  </tr>\n\n  <tr>\n    <td>Q8: Has a visual check for workmanship, installation, alignment, and height been conducted? HOLD POINT </td>\n    <td> @{items('Apply_to_each')['a8']}\t</td> \n    <td> @{items('Apply_to_each')['c8']}\t</td>\n  </tr>  \n  \n  <tr>\n    <td>Q9: Has all work been coordinated for interference?</td>\n    <td> @{items('Apply_to_each')['a9']}\t</td> \n    <td> @{items('Apply_to_each')['c9']}\t</td>\n  </tr>   \n  \n  <tr>\n    <td>Q10: Have all Hold Points been conducted?</td>\n    <td> @{items('Apply_to_each')['a10']} \t</td> \n    <td>  @{items('Apply_to_each')['c10']}\t</td>\n  </tr>  \n  \n  \n  <tr>\n    <td>Q11: Additional Inspection Points? </td>\n    <td>@{items('Apply_to_each')['a11']}\t</td> \n    <td> @{items('Apply_to_each')['c11']}\t</td>\n  </tr> \n  \n  \n  <tr>\n    <td>Q12: Buy American Compliance? </td>\n    <td> @{items('Apply_to_each')['a12']}\t</td> \n    <td> @{items('Apply_to_each')['c12']}\t</td> \n  </tr> \n\n\n  <tr>\n    <td>  </td>\n    <td>\t</td> \n    <td>\t</td>\n  </tr> \n\n</table>\n<br> \n\n<! ############ END: INSPECTION PLAN ############ >  \n\n\n<!############ START: Additional Comments section ############ > \n\n\n<style>\ntable, th, td {\n  border: 3px solid black;\n  border-collapse: collapse;\n}\nth, td {\n  padding: 15px;\n  text-align: left;\n}\ntable#t03 {\n  width: 100%;    \n  background-color: #f1f1c1;\n} \n\n</style>\n</head> \n<h3 align=\"center\"> Additional Comments </h3>\n\n<table style=\"width:100%\" align=\"center\">\n  <tr>\n    <td> @{items('Apply_to_each')['additional_comment']}</td> \n    \n  </tr>  \n</table>\n<br>\n\n<!############ END: Additional Comments section ############ >   \n  \n\n<!############ START: Sign Section ############ > \n\n<style>\ntable, th, td {\n  border: 2px solid black;\n  border-collapse: collapse; \n}\nth, td {\n  padding: 10px;\n  text-align: left;\n}\ntable#t07 {\n  width: 100%;    \n  background-color: #f1f1c1;  \n} \ntr.noBorder td {\n  border: 0;\n} \n\n</style>\n</head>  \n\n<style> \n\n</style> \n\n<h3 align=\"center\"> SIGN </h3>\n\n<table  style=\"width:100%\" align=\"center\">\n  <tr class=\"noBorder\"> \n    <td>QM/QS: @{items('Apply_to_each')['qm_sign']}</td>    \n    <td> </td> \n    <td> </td>\n    <td>Date:  @{items('Apply_to_each')['qm_date']}</td> \n    <td>Shift: @{items('Apply_to_each')['qm_shift']}</td>\n         \n  </tr>  \n  \n<table  style=\"width:100%\" align=\"center\">\n  <tr class=\"noBorder\"> \n    <td>CCM Sign off:      </td>   \n    <td>Date:  @{items('Apply_to_each')['ccm_date']}</td> \n    <td>Shift: @{items('Apply_to_each')['ccm_shift']}</td>\n         \n  </tr>   \n</table>\n<br> \n<br>\n<!############ END: Sign Section ############ >   \n\n\n<!############ START: Image Upload Section ############ >  \n\n<!##### START: Image upload 1 ######## >\n\n<style>\ndiv {\n  background-color: white;\n  border: 2px;\n  padding: 5px;\n  margin: 2px;\n}\n</style>\n\n<div>\n\n<h3 align=\"center\"> Uploaded Image for Question1 </h3> \n\n<style>\nimg { \n  \n  display: block;\n  margin-left: auto;\n  margin-right: auto;\n  \n}\n</style> \n\n<img src=\"@{items('Apply_to_each')['u1']}\" alt=\"Report\" style=\"width:80%;\">  \n\n</div>\n\n<br>  \n<br>\n<br>  \n<br> \n\n<style>\ndiv {\n  background-color: white;\n  border: 2px;\n  padding: 5px;\n  margin: 2px;\n}\n</style>\n\n<div>\n\n<h3 align=\"center\"> Uploaded Image for Question2 </h3> \n\n<img src=\"@{items('Apply_to_each')['u2']}\" alt=\"Report\" style=\"width:80%;\">\n\n</div>\n</body>\n</html>\n      ","path":"/datasets/default/files","queries":{"folderPath":"/Flow_for_powerapp","name":" @{items('Apply_to_each')['file_name']} "},"authentication":{"type":"Raw","value":"@json(decodeBase64(triggerOutputs().headers['X-MS-APIM-Tokens']))['$ConnectionKey']"}},"runtimeConfiguration":{"contentTransfer":{"transferMode":"Chunked"}}},"Create_file_2":{"runAfter":{"Create_file":["Succeeded"]},"metadata":{"flowSystemMetadata":{"swaggerOperationId":"CreateFile"}},"type":"ApiConnection","inputs":{"host":{"connection":{"name":"@json(decodeBase64(triggerOutputs().headers['X-MS-APIM-Tokens']))['$connections']['shared_onedriveforbusiness']['connectionId']"},"api":{"runtimeUrl":"https://flow-apim-msmanaged-na-northcentralus-01.azure-apim.net/apim/onedriveforbusiness"}},"method":"post","body":"<!DOCTYPE html>\n<html>\n\n<!############ START: Top Image Section ############ > \n\n<table border=\"1\" bordercolor=\"black\" cellspacing=\"0\" cellpadding=\"0\">\n <tr><td>\n  <table style=\"width:80%\" align=\"left\">\n  <tr class=\"noBorder\">  \n  \n    <td> <img src=\"data:image/png;base64,@{body('Get_file_content_using_path')}\"alt=\"logo\" align=\"left\" border=3 height=150 width=200></img></td> </td>  \n    \n    <td> </td> \n    <td> </td> \n    <td> </td> \n    <td> </td> \n    <td> </td> \n    <td> </td>\n    <td><span style=\"font-weight:bold\" align=\"right\"> CHECKLIST <br>\n    SANDY REPAIR AND CORE CAPACITY IMPROVEMENT <br>\n    PROJECT CANARSIE TUNNEL REHABILITATION  </span></br> \n    </td> \n    \n         \n  </tr>   </table>\n </td></tr>\n</table>   \n<br>\n\n\n<!############ END: Top Image Section ############ > \n\n\n\n\n<!############ START: PROJECT INFORMATION SECTION ############ > \n\n<h3 align=\"center\">\n    Project Information\n</h3>\n\n<table border=\"2\" cellspacing=\"0\" cellpadding=\"1\" width=\"100%\">\n    <tbody>\n        \n            <td width=\"100%\"\" valign=\"top\">\n                <p>\n                    Job: @{items('Apply_to_each')['job_flow']}&nbsp;&nbsp;&nbsp;&nbsp;&nbsp;&nbsp;&nbsp;&nbsp; Job/Contract No:  @{items('Apply_to_each')['job_number_flow']} \n                </p>\n            </td>\n        </tr> \n        <tr>\n            <td width=\"100%\"\" valign=\"top\">\n                <p>\n                    Contract No:@{items('Apply_to_each')['contract_no']} &nbsp;&nbsp;&nbsp;&nbsp;&nbsp;&nbsp;&nbsp;&nbsp;   Weather:@{items('Apply_to_each')['weather']}\n                </p>\n            </td>\n        </tr>\n        <tr>\n            <td width=\"100%\"\" valign=\"top\">\n                <p>\n                    Description:@{items('Apply_to_each')['description']}\n                </p>\n            </td>\n        </tr>\n        <tr>\n            <td width=\"100%\"\" valign=\"top\">\n                <p>\n                    Work Location: @{items('Apply_to_each')['work_location']} &nbsp;&nbsp;&nbsp;&nbsp;&nbsp;&nbsp;&nbsp;&nbsp;   Work Performed by:@{items('Apply_to_each')['work_performed_by']}\n                </p>\n            </td>\n        </tr>\n        <tr>\n            <td width=\"100%\"\" valign=\"top\">\n                <p>\n                    Items Installed/Inspected:@{items('Apply_to_each')['items_installed']}\n                </p>\n            </td>\n        </tr>\n        <tr>\n            <td width=\"100%\"\" valign=\"top\">\n                <p>\n                    Approved by NYCT Shop Drawing:@{items('Apply_to_each')['approved_by']}\n                </p>\n            </td>\n        </tr>\n        <tr>\n            <td width=\"100%\"\" valign=\"top\">\n                <p>\n                    Spec Section:@{items('Apply_to_each')['spec_section']} &nbsp;&nbsp;&nbsp;&nbsp;&nbsp;&nbsp;&nbsp;&nbsp; \t Completed by:@{items('Apply_to_each')['completed_by']}\n\n                </p>\n            </td>\n        </tr>\n    </tbody>\n</table> \n\n\n<!############ END: PROJECT INFORMATION SECTION ############ >  \n\n\n\n<!############ START: INSPECTION PLAN ############ > \n<h3 align=\"center\">\n    Inspection Plan\n</h3>\n<div align=\"center\">\n    <table border=\"1\" cellspacing=\"0\" cellpadding=\"0\" width=\"100%\">\n        <tbody>\n            <tr>\n                <td>\n                    <p>\n                        <strong>Criteria</strong>\n                    </p>\n                </td>\n                <td>\n                    <p>\n                        <strong>Yes/ No / NA</strong>\n                    </p>\n                </td>\n                <td>\n                    <p>\n                        <strong>\n                            Comment (List NCR # For Nonconformances)\n                        </strong>\n                    </p>\n                </td>\n            </tr>\n            <tr>\n                <td>\n                    <p>\n                        Q1: Are only approved materials and shop drawings being\n                        used?\n                    </p>\n                </td>\n                <td>\n                    <p>\n                        @{items('Apply_to_each')['a1']}\n                    </p>\n                </td>\n                <td>\n                    <p>\n                        @{items('Apply_to_each')['c1']}\n                    </p>\n                \n                </td>\n            </tr>\n            <tr>\n                <td>\n                    <p>\n                        Q2: Is all work being carried out under proper\n                        authorization and approved procedures? HOLD POINT\n                    </p>\n                </td>\n                <td>\n                    <p>\n                        @{items('Apply_to_each')['a2']}\n                    </p>\n                </td>\n                <td>\n                    <p>\n                        @{items('Apply_to_each')['c2']}\n                    </p>\n                \n                </td>\n            </tr>\n            <tr>\n                <td>\n                    <p>\n                        Q3: Are approved Conduits being installed as required?\n                    </p>\n                </td>\n                <td>\n                    <p>\n                        @{items('Apply_to_each')['a3']}\n                    </p>\n                </td>\n                <td>\n                    <p>\n                        @{items('Apply_to_each')['c3']}\n                    </p>\n                \n                </td>\n            </tr>\n            <tr>\n                <td>\n                    <p>\n                        Q4: Are approved fitting, couplings, connectors, clamps\n                        being used as required?\n                    </p>\n                </td>\n                <td>\n                    <p>\n                        @{items('Apply_to_each')['a4']}\n                    </p>\n                </td>\n                <td>\n                    <p>\n                        @{items('Apply_to_each')['c4']}\n                    </p>\n                \n                </td>\n            </tr>\n            <tr>\n                <td>\n                    <p>\n                        Q5: Are approved Cables being installed as required?\n                    </p>\n                </td>\n                <td>\n                    <p>\n                        @{items('Apply_to_each')['a5']}\n                    </p>\n                </td>\n                <td>\n                    <p>\n                        @{items('Apply_to_each')['c5']}\n                    </p>\n                \n                </td>\n            </tr>\n            <tr>\n                <td>\n                    <p>\n                        Q6: Is all equipment properly installed as per spec?\n                        HOLD POINT\n                    </p>\n                </td>\n                <td>\n                    <p>\n                        @{items('Apply_to_each')['a6']}\n                    </p>\n                </td>\n                <td>\n                    <p>\n                        @{items('Apply_to_each')['c6']}\n                    </p>\n                \n                </td>\n            </tr>\n            <tr>\n                <td>\n                    <p>\n                        Q7: Has all systems been installed as indicated and in\n                        accordance with manufacturer’s instructions?\n                    </p>\n                </td>\n                <td>\n                    <p>\n                        @{items('Apply_to_each')['a7']}\n                    </p>\n                </td>\n                <td>\n                    <p>\n                        @{items('Apply_to_each')['c7']}\n                    </p>\n                \n                </td>\n            </tr>\n            <tr>\n                <td>\n                    <p>\n                        Q8: Has a visual check for workmanship, installation,\n                        alignment, and height been conducted? HOLD POINT\n                    </p>\n                </td>\n                <td>\n                    <p>\n                        @{items('Apply_to_each')['a8']}\n                    </p>\n                </td>\n                <td>\n                    <p>\n                        @{items('Apply_to_each')['c8']}\n                    </p>\n                \n                </td>\n            </tr>\n            <tr>\n                <td>\n                    <p>\n                        Q9: Has all work been coordinated for interference?\n                    </p>\n                </td>\n                <td>\n                    <p>\n                        @{items('Apply_to_each')['a9']}\n                    </p>\n                </td>\n                <td>\n                    <p>\n                        @{items('Apply_to_each')['c9']}\n                    </p>\n                \n                </td>\n            </tr>\n            <tr>\n                <td>\n                    <p>\n                        Q10: Have all Hold Points been conducted?\n                    </p>\n                </td>\n                <td>\n                    <p>\n                        @{items('Apply_to_each')['a10']}\n                    </p>\n                </td>\n                <td>\n                    <p>\n                        @{items('Apply_to_each')['c10']}\n                    </p>\n                \n                </td>\n            </tr>\n            <tr>\n                <td>\n                    <p>\n                        Q11: Additional Inspection Points?\n                    </p>\n                </td>\n                <td>\n                    <p>\n                        @{items('Apply_to_each')['a11']}\n                    </p>\n                </td>\n                <td>\n                    <p>\n                        @{items('Apply_to_each')['c11']}\n                    </p>\n                \n                </td>\n            </tr>\n            <tr>\n                <td>\n                    <p>\n                        Q12: Buy American Compliance?\n                    </p>\n                </td>\n                <td>\n                    <p>\n                        @{items('Apply_to_each')['a12']}\n                    </p>\n                </td>\n                <td>\n                    <p>\n                        @{items('Apply_to_each')['c12']}\n                    </p>\n                \n                </td>\n            </tr>\n            <tr>\n                <td>\n                </td>\n                <td>\n                </td>\n                <td>\n                </td>\n            </tr>\n        </tbody>\n    </table>\n</div>\n\n\n<! ########### START: ADDITIONAL COMMENT SECTION ############## > \n\n<h3 align=\"center\">\n    Additional Comments\n</h3>\n<table border=\"1\" cellspacing=\"0\" cellpadding=\"10\" width=\"645\">\n    <tbody>\n        <tr>\n            <td width=\"645\" valign=\"top\"> \n            <p>\n                        @{items('Apply_to_each')['additional_comment']}\n                    </p>\n            </td>\n        </tr>\n    </tbody>\n</table> \n\n\n<! ########### END: ADDITIONAL COMMENT SECTION ############## > \n\n\n<! ########### START: SIGN OFF SECTION ############## >\n\n<h3 align=\"center\">\n    SIGN\n</h3>\n<table border=\"1\" cellspacing=\"0\" cellpadding=\"3\">\n    <tbody>\n        <tr>\n            <td width=\"622\" valign=\"top\">\n                <p>\n                    QM/QS: @{items('Apply_to_each')['qm_sign']} &nbsp;&nbsp;&nbsp;&nbsp;&nbsp;&nbsp;&nbsp;&nbsp; Date:@{items('Apply_to_each')['qm_date']} &nbsp;&nbsp;&nbsp;&nbsp;&nbsp;&nbsp;&nbsp;&nbsp; Shift: @{items('Apply_to_each')['qm_shift']}\n                </p>\n            </td>\n        </tr>\n        <tr>\n            <td width=\"622\" valign=\"top\">\n                <p>\n                    CCM Sign Off: &nbsp;&nbsp;&nbsp;&nbsp;&nbsp;&nbsp;&nbsp;&nbsp;&nbsp;&nbsp;&nbsp;&nbsp; &nbsp;&nbsp;&nbsp;&nbsp;&nbsp;&nbsp;&nbsp;&nbsp;&nbsp;&nbsp;&nbsp;&nbsp; &nbsp;&nbsp;&nbsp;&nbsp;&nbsp;&nbsp;&nbsp;&nbsp;&nbsp;&nbsp;&nbsp;&nbsp; Date: @{items('Apply_to_each')['ccm_date']} &nbsp;&nbsp;&nbsp;&nbsp;&nbsp;&nbsp; Shift:@{items('Apply_to_each')['ccm_shift']}\n                </p>\n            </td>\n        </tr>\n    </tbody>\n</table> \n\n<! ########### END: SIGN OFF SECTION ############## >  \n\n<! ########### START: Upload image section ############## >\n\n<h3 align=\"center\">\n    Uploaded Image for Question 1\n</h3>\n<p>\n    <img\n        width=\"480\"\n        height=\"600\"\n        src=\"@{items('Apply_to_each')['u1']}\"\n        alt=\"Q1 Upload\"\n    />\n</p>\n<h3 align=\"center\">\n    Uploaded Image for Question 2\n</h3>\n<p>\n    <img\n        width=\"480\"\n        height=\"600\"\n        src=\"@{items('Apply_to_each')['u2']}\"\n        alt=\"Q2 Upload\"\n    />\n</p>\n\n<! ########### END: Upload image section ############## >\n","path":"/datasets/default/files","queries":{"folderPath":"/Flow_for_powerapp","name":"@{items('Apply_to_each')['doc_name']}"},"authentication":{"type":"Raw","value":"@json(decodeBase64(triggerOutputs().headers['X-MS-APIM-Tokens']))['$ConnectionKey']"}},"runtimeConfiguration":{"contentTransfer":{"transferMode":"Chunked"}}}},"runAfter":{"coltest":["Succeeded"]},"type":"Foreach"}},"outputs":{},"description":"Create one or more actions to happen when a button or link in PowerApps is selected. To use this flow from a PowerApp, select the control you want to trigger the flow and go to the Action tab in the PowerApps ribbon and select Flows."},"connectionReferences":{"shared_onedriveforbusiness":{"connectionName":"6a514530dc554e69ba3ee31efeb075e3","source":"Invoker","id":"/providers/Microsoft.PowerApps/apis/shared_onedriveforbusiness","tier":"NotSpecified"}},"flowFailureAlertSubscribed":false}}