{"name":"cc8a689c-2b9c-4016-bb40-b115ca9a4fbe","id":"/providers/Microsoft.Flow/flows/cc8a689c-2b9c-4016-bb40-b115ca9a4fbe","type":"Microsoft.Flow/flows","properties":{"apiId":"/providers/Microsoft.PowerApps/apis/shared_logicflows","displayName":"text_flow","definition":{"metadata":{"workflowEntityId":null,"creator":{"id":"44e30430-769d-49f6-b8df-bb93417a1876","type":"User","tenantId":"3539293e-58fa-4bab-a02e-18dc57fa9737"},"provisioningMethod":"FromDefinition","failureAlertSubscription":true,"clientLastModifiedTime":"2020-03-24T18:46:25.7693126Z"},"$schema":"https://schema.management.azure.com/providers/Microsoft.Logic/schemas/2016-06-01/workflowdefinition.json#","contentVersion":"1.0.0.0","parameters":{"$connections":{"defaultValue":{},"type":"Object"},"$authentication":{"defaultValue":{},"type":"SecureObject"}},"triggers":{"manual":{"type":"Request","kind":"PowerApp","inputs":{"schema":{"type":"object","properties":{"jsonvar_Value":{"type":"string","description":"Enter initial value","x-ms-powerflows-param-ispartial":false},"jsonvar_Value_1":{"type":"any"},"Createfile_FileName":{"type":"string","description":"The name of the file. Certain characters are disallowed by OneDrive and will be replaced by underscores.. This parameter is used as part of \"F2D0E268-5728-4654-B968-54A7FCD61ACC\"","x-ms-powerflows-param-ispartial":true},"Createfile_FileName_1":{"type":"string"}},"required":["jsonvar_Value","jsonvar_Value_1","Createfile_FileName","Createfile_FileName_1"]}}}},"actions":{"json_var":{"runAfter":{},"type":"InitializeVariable","inputs":{"variables":[{"name":"test_collection","type":"string","value":"@triggerBody()['jsonvar_Value']"}]}},"coltest":{"runAfter":{"json_var":["Succeeded"]},"type":"ParseJson","inputs":{"content":"@triggerBody()['jsonvar_Value']","schema":{"type":"array","items":{"type":"object","properties":{"a1":{"type":"string"},"a10":{"type":"string"},"a11":{"type":"string"},"a12":{"type":"string"},"a2":{"type":"string"},"a3":{"type":"string"},"a4":{"type":"string"},"a5":{"type":"string"},"a6":{"type":"string"},"a7":{"type":"string"},"a8":{"type":"string"},"a9":{"type":"string"},"additional_comment":{"type":"string"},"approved_by":{"type":"string"},"c1":{"type":"string"},"c10":{"type":"string"},"c11":{"type":"string"},"c12":{"type":"string"},"c2":{"type":"string"},"c3":{"type":"string"},"c4":{"type":"string"},"c5":{"type":"string"},"c6":{"type":"string"},"c7":{"type":"string"},"c8":{"type":"string"},"c9":{"type":"string"},"ccm_date":{},"ccm_shift":{"type":"string"},"ccm_sign":{"type":"string"},"completed_by":{"type":"string"},"contract_no":{"type":"string"},"description":{"type":"string"},"items_installed":{"type":"string"},"job":{"type":"string"},"job_number":{"type":"string"},"logo_path":{"type":"integer"},"qm_date":{},"qm_shift":{"type":"string"},"qm_sign":{"type":"string"},"spec_section":{"type":"string"},"work_location":{"type":"string"},"work_performed_by":{"type":"string"}},"required":["a1","a10","a11","a12","a2","a3","a4","a5","a6","a7","a8","a9","additional_comment","approved_by","c1","c10","c11","c12","c2","c3","c4","c5","c6","c7","c8","c9","ccm_date","ccm_shift","ccm_sign","completed_by","contract_no","description","items_installed","job","job_number","logo_path","qm_date","qm_shift","qm_sign","spec_section","work_location","work_performed_by"]}}}},"Apply_to_each":{"foreach":"@body('coltest')","actions":{"Get_file_content_using_path":{"runAfter":{},"metadata":{"flowSystemMetadata":{"swaggerOperationId":"GetFileContentByPath"}},"type":"ApiConnection","inputs":{"host":{"connection":{"name":"@json(decodeBase64(triggerOutputs().headers['X-MS-APIM-Tokens']))['$connections']['shared_onedriveforbusiness']['connectionId']"},"api":{"runtimeUrl":"https://flow-apim-msmanaged-na-northcentralus-01.azure-apim.net/apim/onedriveforbusiness"}},"method":"get","path":"/datasets/default/GetFileContentByPath","queries":{"path":"/Flow_for_powerapp/Logo Images/@{items('Apply_to_each')['logo_path']}.txt","inferContentType":true},"authentication":{"type":"Raw","value":"@json(decodeBase64(triggerOutputs().headers['X-MS-APIM-Tokens']))['$ConnectionKey']"}}},"Create_file":{"runAfter":{"Get_file_content_using_path":["Succeeded"]},"metadata":{"flowSystemMetadata":{"swaggerOperationId":"CreateFile"}},"type":"ApiConnection","inputs":{"host":{"connection":{"name":"@json(decodeBase64(triggerOutputs().headers['X-MS-APIM-Tokens']))['$connections']['shared_onedriveforbusiness']['connectionId']"},"api":{"runtimeUrl":"https://flow-apim-msmanaged-na-northcentralus-01.azure-apim.net/apim/onedriveforbusiness"}},"method":"post","body":"<!DOCTYPE html>\n<html>\n\n<!############ START: Top Image Section ############ > \n\n<style>\ntable, th, td {\n  border: 2px solid black;\n  border-collapse: collapse; \n}\nth, td {\n  padding: 10px;\n  text-align: right;\n}\ntable#t00 {\n  width: 100%;    \n  background-color: #f1f1c1;  \n} \ntr.noBorder td {\n  border: 0;\n} \n\n</style>\n</head>  \n\n<style> \n\n</style> \n\n\n<table  style=\"width:100%\" align=\"center\">\n  <tr class=\"noBorder\">  \n  \n    <td> <img src=\"data:image/png;base64,@{body('Get_file_content_using_path')}\"alt=\"\" align=\"left\" border=3 height=150 width=200></img></td> </td>  \n    \n    <td> </td> \n    <td> </td> \n    <td> </td> \n    <td> </td> \n    <td> </td> \n    <td> </td>\n    <td><span style=\"font-weight:bold\" align=\"right\"> CHECKLIST <br>\n    SANDY REPAIR AND CORE CAPACITY IMPROVEMENT <br>\n    PROJECT CANARSIE TUNNEL REHABILITATION  </span></br> \n    </td> \n    \n         \n  </tr>  \n  \n\n</table> \n<br>\n<!############ END: Top Image Section ############ >   \n\n\n\n\n<!############ START: Project Information Section ############ > \n\n<style>\ntable, th, td {\n  border: 3px solid black;\n  border-collapse: collapse; \n}\nth, td {\n  padding: 10px;\n  text-align: left;\n}\ntable#t01 {\n  width: 100%;    \n  background-color: #f1f1c1;  \n} \ntr.noBorder td {\n  border: 0;\n} \n\n</style>\n</head>  \n\n<style> \n\n</style> \n\n<h2 align=\"center\"> PROJECT INFORMATION </h2>\n\n<table  style=\"width:100%\" align=\"center\">\n  <tr class=\"noBorder\"> \n    <td>Job: @{items('Apply_to_each')['job']}</td>   \n    <td>Job/Contract No: @{items('Apply_to_each')['job_number']} </td>  \n    <td>Weather: @{items('Apply_to_each')['weather']} </td>\n\n<table  style=\"width:100%\" align=\"center\">\n  <tr class=\"noBorder\"> \n    <td>Contract No: @{items('Apply_to_each')['contract_no']}</td>   \n    <td>Description: @{items('Apply_to_each')['description']} </td> \n    \n         \n  </tr>  \n  \n<table style=\"width:100%\" align=\"center\">\n  <tr class=\"noBorder\"> \n    <td>Work Location: @{items('Apply_to_each')['work_location']}</td>   \n    <td></td> \n    <td>Work performed by: @{items('Apply_to_each')['work_performed_by']}</td> \n  </tr> \n\n<table  style=\"width:100%\" align=\"center\">\n  <tr class=\"noBorder\"> \n    <td>Item Installed/Inspected: @{items('Apply_to_each')['items_installed']}</td>    \n  </tr>   \n  <tr class=\"noBorder\"> \n    <td> </td>    \n  </tr> \n  \n<table  style=\"width:100%\" align=\"center\">\n  <tr class=\"noBorder\"> \n    <td>Approved by NYCT Shop Drawing: @{items('Apply_to_each')['approved_by']}</td>            \n  </tr>  \n\n<table  style=\"width:100%\" align=\"center\">\n  <tr class=\"noBorder\"> \n    <td>Spec Section: @{items('Apply_to_each')['spec_section']}</td>   \n    <td>Completed By:  @{items('Apply_to_each')['completed_by']}</td> \n   \n  </tr>  \n  \n</table> \n<br>\n<!############ END: Project Information Section ############ >   \n\n\n<!############ START: INSPECTION PLAN ############ >   \n<head>\n<style>\ntable, th, td \n{\n  border: 3px solid black;\n  border-collapse: collapse;\n}\nth, td {\n  padding: 25px;\n  text-align: left;\n}\ntable#t02 {\n  width: 100%;    \n  background-color: #f1f1c1;\n}\n</style>\n</head>\n<body>\n\n<h2 align=\"center\"> Inspection Plan</h2>\n\n<table style=\"width:100%\" align=\"center\">\n  <tr>\n    <th>Criteria</th>\n    <th>Yes/ No / NA</th>   \n    <th>Comment (List NCR # For Noncomformances)</th>\n  </tr>\n  \n  <tr>\n    <td>Q1: Are only approved materials and shop drawings being used? </td>\n    <td> @{items('Apply_to_each')['a1']}</td> \n    <td> @{items('Apply_to_each')['c1']}</td>\n    \n  </tr>\n  \n  <tr>\n    <td>Q2: Is all work being carried out under proper authorization and approved procedures? HOLD POINT </td>\n    <td> @{items('Apply_to_each')['a2']}\t</td> \n    <td> @{items('Apply_to_each')['c2']}\t</td>\n  </tr> \n  \n  <tr>\n    <td>Q3: Are approved Conduits being installed as required? </td>\n    <td> @{items('Apply_to_each')['a3']}\t</td> \n    <td> @{items('Apply_to_each')['c3']} \t</td>\n  </tr>\n  \n  <tr>\n    <td>Q4: Are approved fitting, couplings, connectors, clamps being used as required? </td>\n    <td> @{items('Apply_to_each')['a4']}\t</td> \n    <td> @{items('Apply_to_each')['c4']}\t</td>\n  </tr>\n  \n  <tr>\n    <td>Q5: Are approved Cables being installed as required? </td>\n    <td> @{items('Apply_to_each')['a5']}\t</td> \n    <td> @{items('Apply_to_each')['c5']}\t</td>\n  </tr> \n  \n  \n  <tr>\n    <td>Q6: Is all equipment properly installed as per spec? HOLD POINT </td>\n    <td> @{items('Apply_to_each')['a6']}\t</td> \n    <td> @{items('Apply_to_each')['c6']}\t</td>\n  </tr> \n  \n  \n  <tr>\n    <td>Q7: Has all systems been installed as indicated and in accordance with manufacturer’s instructions? </td>\n    <td> @{items('Apply_to_each')['a7']}\t</td> \n    <td> @{items('Apply_to_each')['c7']}\t</td>\n  </tr>\n\n  <tr>\n    <td>Q8: Has a visual check for workmanship, installation, alignment, and height been conducted? HOLD POINT </td>\n    <td> @{items('Apply_to_each')['a8']}\t</td> \n    <td> @{items('Apply_to_each')['c8']}\t</td>\n  </tr>  \n  \n  <tr>\n    <td>Q9: Has all work been coordinated for interference?</td>\n    <td> @{items('Apply_to_each')['a9']}\t</td> \n    <td> @{items('Apply_to_each')['c9']}\t</td>\n  </tr>   \n  \n  <tr>\n    <td>Q10: Have all Hold Points been conducted?</td>\n    <td> @{items('Apply_to_each')['a10']} \t</td> \n    <td>  @{items('Apply_to_each')['c10']}\t</td>\n  </tr>  \n  \n  \n  <tr>\n    <td>Q11: Additional Inspection Points? </td>\n    <td>@{items('Apply_to_each')['a11']}\t</td> \n    <td> @{items('Apply_to_each')['c11']}\t</td>\n  </tr> \n  \n  \n  <tr>\n    <td>Q12: Buy American Compliance? </td>\n    <td> @{items('Apply_to_each')['a12']}\t</td> \n    <td> @{items('Apply_to_each')['c12']}\t</td> \n  </tr> \n\n\n  <tr>\n    <td>  </td>\n    <td>\t</td> \n    <td>\t</td>\n  </tr> \n\n</table>\n<br> \n\n<! ############ END: INSPECTION PLAN ############ >  \n\n\n<!############ START: Additional Comments section ############ > \n\n\n<style>\ntable, th, td {\n  border: 3px solid black;\n  border-collapse: collapse;\n}\nth, td {\n  padding: 15px;\n  text-align: left;\n}\ntable#t03 {\n  width: 100%;    \n  background-color: #f1f1c1;\n} \n\n</style>\n</head> \n<h3 align=\"center\"> Additional Comments </h3>\n\n<table style=\"width:100%\" align=\"center\">\n  <tr>\n    <td> @{items('Apply_to_each')['additional_comment']}</td> \n    \n  </tr>  \n</table>\n<br>\n\n<!############ END: Additional Comments section ############ >   \n  \n\n<!############ START: Sign Section ############ > \n\n<style>\ntable, th, td {\n  border: 2px solid black;\n  border-collapse: collapse; \n}\nth, td {\n  padding: 10px;\n  text-align: left;\n}\ntable#t07 {\n  width: 100%;    \n  background-color: #f1f1c1;  \n} \ntr.noBorder td {\n  border: 0;\n} \n\n</style>\n</head>  \n\n<style> \n\n</style> \n\n<h3 align=\"center\"> SIGN </h3>\n\n<table  style=\"width:100%\" align=\"center\">\n  <tr class=\"noBorder\"> \n    <td>QM/QS: @{items('Apply_to_each')['qm_sign']}</td>    \n    <td> </td> \n    <td> </td>\n    <td>Date:  @{items('Apply_to_each')['qm_date']}</td> \n    <td>Shift: @{items('Apply_to_each')['qm_shift']}</td>\n         \n  </tr>  \n  \n<table  style=\"width:100%\" align=\"center\">\n  <tr class=\"noBorder\"> \n    <td>CCM Sign off:  @{items('Apply_to_each')['ccm_sign']}</td>   \n    <td>Date:  @{items('Apply_to_each')['ccm_date']}</td> \n    <td>Shift: @{items('Apply_to_each')['ccm_shift']}</td>\n         \n  </tr>   \n</table>\n<br> \n\n<!############ END: Sign Section ############ >   \n\n\n\n\n\n</body>\n</html>\n      ","path":"/datasets/default/files","queries":{"folderPath":"/Flow_for_powerapp","name":" @{items('Apply_to_each')['file_name']} "},"authentication":{"type":"Raw","value":"@json(decodeBase64(triggerOutputs().headers['X-MS-APIM-Tokens']))['$ConnectionKey']"}},"runtimeConfiguration":{"contentTransfer":{"transferMode":"Chunked"}}},"Convert_HTML_to_PDF":{"runAfter":{"Create_file":["Succeeded"]},"metadata":{"flowSystemMetadata":{"swaggerOperationId":"convert_html"}},"type":"ApiConnection","inputs":{"host":{"connection":{"name":"@json(decodeBase64(triggerOutputs().headers['X-MS-APIM-Tokens']))['$connections']['shared_muhimbi_1']['connectionId']"},"api":{"runtimeUrl":"https://flow-apim-msmanaged-na-northcentralus-01.azure-apim.net/apim/muhimbi"}},"method":"post","body":{"use_async_pattern":false,"source_url_or_html":"<!DOCTYPE html>\n<html>\n\n<!############ START: Top Image Section ############ > \n\n<style>\ntable, th, td {\n  border: 2px solid black;\n  border-collapse: collapse; \n}\nth, td {\n  padding: 10px;\n  text-align: right;\n}\ntable#t00 {\n  width: 100%;    \n  background-color: #f1f1c1;  \n} \ntr.noBorder td {\n  border: 0;\n} \n\n</style>\n</head>  \n\n<style> \n\n</style> \n\n\n<table  style=\"width:100%\" align=\"center\">\n  <tr class=\"noBorder\">  \n  \n    <td> <img src=\"data:image/png;base64,@{body('Get_file_content_using_path')}\"alt=\"\" align=\"left\" border=3 height=150 width=200></img></td> </td>  \n    \n    <td> </td> \n    <td> </td> \n    <td> </td> \n    <td> </td> \n    <td> </td> \n    <td> </td>\n    <td><span style=\"font-weight:bold\" align=\"right\"> CHECKLIST <br>\n    SANDY REPAIR AND CORE CAPACITY IMPROVEMENT <br>\n    PROJECT CANARSIE TUNNEL REHABILITATION  </span></br> \n    </td> \n    \n         \n  </tr>  \n  \n\n</table> \n<br>\n<!############ END: Top Image Section ############ >   \n\n\n\n\n<!############ START: Project Information Section ############ > \n\n<style>\ntable, th, td {\n  border: 3px solid black;\n  border-collapse: collapse; \n}\nth, td {\n  padding: 10px;\n  text-align: left;\n}\ntable#t01 {\n  width: 100%;    \n  background-color: #f1f1c1;  \n} \ntr.noBorder td {\n  border: 0;\n} \n\n</style>\n</head>  \n\n<style> \n\n</style> \n\n<h2 align=\"center\"> PROJECT INFORMATION </h2>\n\n<table  style=\"width:100%\" align=\"center\">\n  <tr class=\"noBorder\"> \n    <td>Job: @{items('Apply_to_each')['job']}</td>   \n    <td>Job/Contract No: @{items('Apply_to_each')['job_number']} </td>  \n    <td>Weather: @{items('Apply_to_each')['weather']} </td>\n\n<table  style=\"width:100%\" align=\"center\">\n  <tr class=\"noBorder\"> \n    <td>Contract No: @{items('Apply_to_each')['contract_no']}</td>   \n    <td>Description: @{items('Apply_to_each')['description']} </td> \n    \n         \n  </tr>  \n  \n<table style=\"width:100%\" align=\"center\">\n  <tr class=\"noBorder\"> \n    <td>Work Location: @{items('Apply_to_each')['work_location']}</td>   \n    <td></td> \n    <td>Work performed by: @{items('Apply_to_each')['work_performed_by']}</td> \n  </tr> \n\n<table  style=\"width:100%\" align=\"center\">\n  <tr class=\"noBorder\"> \n    <td>Item Installed/Inspected: @{items('Apply_to_each')['items_installed']}</td>    \n  </tr>   \n  <tr class=\"noBorder\"> \n    <td> </td>    \n  </tr> \n  \n<table  style=\"width:100%\" align=\"center\">\n  <tr class=\"noBorder\"> \n    <td>Approved by NYCT Shop Drawing: @{items('Apply_to_each')['approved_by']}</td>            \n  </tr>  \n\n<table  style=\"width:100%\" align=\"center\">\n  <tr class=\"noBorder\"> \n    <td>Spec Section: @{items('Apply_to_each')['spec_section']}</td>   \n    <td>Completed By:  @{items('Apply_to_each')['completed_by']}</td> \n   \n  </tr>  \n  \n</table> \n<br>\n<!############ END: Project Information Section ############ >   \n\n\n<!############ START: INSPECTION PLAN ############ >   \n<head>\n<style>\ntable, th, td \n{\n  border: 3px solid black;\n  border-collapse: collapse;\n}\nth, td {\n  padding: 25px;\n  text-align: left;\n}\ntable#t02 {\n  width: 100%;    \n  background-color: #f1f1c1;\n}\n</style>\n</head>\n<body>\n\n<h2 align=\"center\"> Inspection Plan</h2>\n\n<table style=\"width:100%\" align=\"center\">\n  <tr>\n    <th>Criteria</th>\n    <th>Yes/ No / NA</th>   \n    <th>Comment (List NCR # For Noncomformances)</th>\n  </tr>\n  \n  <tr>\n    <td>Q1: Are only approved materials and shop drawings being used? </td>\n    <td> @{items('Apply_to_each')['a1']}</td> \n    <td> @{items('Apply_to_each')['c1']}</td>\n    \n  </tr>\n  \n  <tr>\n    <td>Q2: Is all work being carried out under proper authorization and approved procedures? HOLD POINT </td>\n    <td> @{items('Apply_to_each')['a2']}\t</td> \n    <td> @{items('Apply_to_each')['c2']}\t</td>\n  </tr> \n  \n  <tr>\n    <td>Q3: Are approved Conduits being installed as required? </td>\n    <td> @{items('Apply_to_each')['a3']}\t</td> \n    <td> @{items('Apply_to_each')['c3']} \t</td>\n  </tr>\n  \n  <tr>\n    <td>Q4: Are approved fitting, couplings, connectors, clamps being used as required? </td>\n    <td> @{items('Apply_to_each')['a4']}\t</td> \n    <td> @{items('Apply_to_each')['c4']}\t</td>\n  </tr>\n  \n  <tr>\n    <td>Q5: Are approved Cables being installed as required? </td>\n    <td> @{items('Apply_to_each')['a5']}\t</td> \n    <td> @{items('Apply_to_each')['c5']}\t</td>\n  </tr> \n  \n  \n  <tr>\n    <td>Q6: Is all equipment properly installed as per spec? HOLD POINT </td>\n    <td> @{items('Apply_to_each')['a6']}\t</td> \n    <td> @{items('Apply_to_each')['c6']}\t</td>\n  </tr> \n  \n  \n  <tr>\n    <td>Q7: Has all systems been installed as indicated and in accordance with manufacturer’s instructions? </td>\n    <td> @{items('Apply_to_each')['a7']}\t</td> \n    <td> @{items('Apply_to_each')['c7']}\t</td>\n  </tr>\n\n  <tr>\n    <td>Q8: Has a visual check for workmanship, installation, alignment, and height been conducted? HOLD POINT </td>\n    <td> @{items('Apply_to_each')['a8']}\t</td> \n    <td> @{items('Apply_to_each')['c8']}\t</td>\n  </tr>  \n  \n  <tr>\n    <td>Q9: Has all work been coordinated for interference?</td>\n    <td> @{items('Apply_to_each')['a9']}\t</td> \n    <td> @{items('Apply_to_each')['c9']}\t</td>\n  </tr>   \n  \n  <tr>\n    <td>Q10: Have all Hold Points been conducted?</td>\n    <td> @{items('Apply_to_each')['a10']} \t</td> \n    <td>  @{items('Apply_to_each')['c10']}\t</td>\n  </tr>  \n  \n  \n  <tr>\n    <td>Q11: Additional Inspection Points? </td>\n    <td>@{items('Apply_to_each')['a11']}\t</td> \n    <td> @{items('Apply_to_each')['c11']}\t</td>\n  </tr> \n  \n  \n  <tr>\n    <td>Q12: Buy American Compliance? </td>\n    <td> @{items('Apply_to_each')['a12']}\t</td> \n    <td> @{items('Apply_to_each')['c12']}\t</td> \n  </tr> \n\n\n  <tr>\n    <td>  </td>\n    <td>\t</td> \n    <td>\t</td>\n  </tr> \n\n</table>\n<br> \n\n<! ############ END: INSPECTION PLAN ############ >  \n\n\n<!############ START: Additional Comments section ############ > \n\n\n<style>\ntable, th, td {\n  border: 3px solid black;\n  border-collapse: collapse;\n}\nth, td {\n  padding: 15px;\n  text-align: left;\n}\ntable#t03 {\n  width: 100%;    \n  background-color: #f1f1c1;\n} \n\n</style>\n</head> \n<h3 align=\"center\"> Additional Comments </h3>\n\n<table style=\"width:100%\" align=\"center\">\n  <tr>\n    <td> @{items('Apply_to_each')['additional_comment']}</td> \n    \n  </tr>  \n</table>\n<br>\n\n<!############ END: Additional Comments section ############ >   \n  \n\n<!############ START: Sign Section ############ > \n\n<style>\ntable, th, td {\n  border: 2px solid black;\n  border-collapse: collapse; \n}\nth, td {\n  padding: 10px;\n  text-align: left;\n}\ntable#t07 {\n  width: 100%;    \n  background-color: #f1f1c1;  \n} \ntr.noBorder td {\n  border: 0;\n} \n\n</style>\n</head>  \n\n<style> \n\n</style> \n\n<h3 align=\"center\"> SIGN </h3>\n\n<table  style=\"width:100%\" align=\"center\">\n  <tr class=\"noBorder\"> \n    <td>QM/QS: @{items('Apply_to_each')['qm_sign']}</td>    \n    <td> </td> \n    <td> </td>\n    <td>Date:  @{items('Apply_to_each')['qm_date']}</td> \n    <td>Shift: @{items('Apply_to_each')['qm_shift']}</td>\n         \n  </tr>  \n  \n<table  style=\"width:100%\" align=\"center\">\n  <tr class=\"noBorder\"> \n    <td>CCM Sign off:  @{items('Apply_to_each')['ccm_sign']}</td>   \n    <td>Date:  @{items('Apply_to_each')['ccm_date']}</td> \n    <td>Shift: @{items('Apply_to_each')['ccm_shift']}</td>\n         \n  </tr>   \n</table>\n<br> \n\n<!############ END: Sign Section ############ >   \n\n\n\n\n\n</body>\n</html>\n      ","page_orientation":"Portrait","media_type":"Screen","authentication_type":"Anonymous","fail_on_error":true},"path":"/v1/operations/convert_html","authentication":{"type":"Raw","value":"@json(decodeBase64(triggerOutputs().headers['X-MS-APIM-Tokens']))['$ConnectionKey']"}}},"Create_file_2":{"runAfter":{"Convert_HTML_to_PDF":["Succeeded"]},"metadata":{"flowSystemMetadata":{"swaggerOperationId":"CreateFile"}},"type":"ApiConnection","inputs":{"host":{"connection":{"name":"@json(decodeBase64(triggerOutputs().headers['X-MS-APIM-Tokens']))['$connections']['shared_onedriveforbusiness']['connectionId']"},"api":{"runtimeUrl":"https://flow-apim-msmanaged-na-northcentralus-01.azure-apim.net/apim/onedriveforbusiness"}},"method":"post","body":"@base64ToBinary(body('Convert_HTML_to_PDF')?['processed_file_content'])","path":"/datasets/default/files","queries":{"folderPath":"/Flow_for_powerapp","name":"@{items('Apply_to_each')['pdf_name']}"},"authentication":{"type":"Raw","value":"@json(decodeBase64(triggerOutputs().headers['X-MS-APIM-Tokens']))['$ConnectionKey']"}},"runtimeConfiguration":{"contentTransfer":{"transferMode":"Chunked"}}}},"runAfter":{"coltest":["Succeeded"]},"type":"Foreach"}},"outputs":{},"description":"Create one or more actions to happen when a button or link in PowerApps is selected. To use this flow from a PowerApp, select the control you want to trigger the flow and go to the Action tab in the PowerApps ribbon and select Flows."},"connectionReferences":{"shared_onedriveforbusiness":{"connectionName":"6a514530dc554e69ba3ee31efeb075e3","source":"Invoker","id":"/providers/Microsoft.PowerApps/apis/shared_onedriveforbusiness","tier":"NotSpecified"},"shared_muhimbi_1":{"connectionName":"shared-muhimbi-c4defb1f-fb69-40c1-bc31-49b37303ba3e","source":"Invoker","id":"/providers/Microsoft.PowerApps/apis/shared_muhimbi","tier":"NotSpecified"}},"flowFailureAlertSubscribed":false}}