{"name":"e0ed2522-ab6d-41a2-bb76-4716c168a451","id":"/providers/Microsoft.Flow/flows/e0ed2522-ab6d-41a2-bb76-4716c168a451","type":"Microsoft.Flow/flows","properties":{"apiId":"/providers/Microsoft.PowerApps/apis/shared_logicflows","displayName":"New Report Store Image","definition":{"metadata":{"workflowEntityId":null,"creator":{"id":"44e30430-769d-49f6-b8df-bb93417a1876","type":"User","tenantId":"3539293e-58fa-4bab-a02e-18dc57fa9737"},"provisioningMethod":"FromDefinition","failureAlertSubscription":true,"clientLastModifiedTime":"2020-05-22T07:16:14.7420347Z"},"$schema":"https://schema.management.azure.com/providers/Microsoft.Logic/schemas/2016-06-01/workflowdefinition.json#","contentVersion":"1.0.0.0","parameters":{"$connections":{"defaultValue":{},"type":"Object"},"$authentication":{"defaultValue":{},"type":"SecureObject"}},"triggers":{"manual":{"type":"Request","kind":"PowerApp","inputs":{"schema":{"type":"object","properties":{"Createfile_FileName":{"type":"string","description":"The name of the file. Certain characters are disallowed by OneDrive and will be replaced by underscores.","x-ms-powerflows-param-ispartial":false},"Createfile_FileContent":{"type":"string","format":"binary","description":"The content of the file.","x-ms-powerflows-param-ispartial":false},"Createfile2_FileName":{"type":"string","description":"The name of the file. Certain characters are disallowed by OneDrive and will be replaced by underscores.","x-ms-powerflows-param-ispartial":false},"Createfile2_FileContent":{"type":"string","format":"binary","description":"The content of the file.","x-ms-powerflows-param-ispartial":false}},"required":["Createfile_FileName","Createfile_FileContent","Createfile2_FileName","Createfile2_FileContent"]}}}},"actions":{"Create_file":{"runAfter":{},"metadata":{"flowSystemMetadata":{"swaggerOperationId":"CreateFile"}},"type":"ApiConnection","inputs":{"host":{"connection":{"name":"@json(decodeBase64(triggerOutputs().headers['X-MS-APIM-Tokens']))['$connections']['shared_onedriveforbusiness']['connectionId']"},"api":{"runtimeUrl":"https://flow-apim-msmanaged-na-northcentralus-01.azure-apim.net/apim/onedriveforbusiness"}},"method":"post","body":"@triggerBody()['Createfile_FileContent']","path":"/datasets/default/files","queries":{"folderPath":"/Flow_for_powerapp/powerapp_uploaded_images","name":"@triggerBody()['Createfile_FileName']"},"authentication":{"type":"Raw","value":"@json(decodeBase64(triggerOutputs().headers['X-MS-APIM-Tokens']))['$ConnectionKey']"}},"runtimeConfiguration":{"contentTransfer":{"transferMode":"Chunked"}}},"Create_file_2":{"runAfter":{"Create_file":["Succeeded"]},"metadata":{"flowSystemMetadata":{"swaggerOperationId":"CreateFile"}},"type":"ApiConnection","inputs":{"host":{"connection":{"name":"@json(decodeBase64(triggerOutputs().headers['X-MS-APIM-Tokens']))['$connections']['shared_onedriveforbusiness']['connectionId']"},"api":{"runtimeUrl":"https://flow-apim-msmanaged-na-northcentralus-01.azure-apim.net/apim/onedriveforbusiness"}},"method":"post","body":"@triggerBody()['Createfile2_FileContent']","path":"/datasets/default/files","queries":{"folderPath":"/Flow_for_powerapp/powerapp_uploaded_images","name":"@triggerBody()['Createfile2_FileName']"},"authentication":{"type":"Raw","value":"@json(decodeBase64(triggerOutputs().headers['X-MS-APIM-Tokens']))['$ConnectionKey']"}},"runtimeConfiguration":{"contentTransfer":{"transferMode":"Chunked"}}}}},"connectionReferences":{"shared_onedriveforbusiness":{"connectionName":"6a514530dc554e69ba3ee31efeb075e3","source":"Invoker","id":"/providers/Microsoft.PowerApps/apis/shared_onedriveforbusiness","tier":"NotSpecified"}},"flowFailureAlertSubscribed":false}}